{
    "key_0": "с оленем",
    "key_1": "с олененком",
    "key_2": "оленей",
    "key_3": "Олененок Олень Бабочки Листики Осень Розовая",
    "key_4": "Олененок Олень Бабочки Листики Осень Розовая",
    "key_5": "Олененок Бэмби / Олень Бемби",
    "key_6": "Олененок Олень Бабочки Листики Осень Розовая",
    "key_7": "Олени санта клауса",
    "key_8": "Олененок Бэмби / Олень Бемби",
    "key_9": "с оленями",
    "key_10": "с оленятами",
    "key_11": "анималистический",
    "key_12": "креативный; животные",
    "key_13": "Саске, Пэйн, Мадара",
    "key_14": "аниме"
}
