[
    {
        "attribute_id": 8229,
        "complex_id": 0,
        "values": [
            {
                "dictionary_value_id": 96168,
                "value": "Скетчбук"
            }
        ]
    },
    {
        "attribute_id": 6532,
        "complex_id": 0,
        "values": [
            {
                "dictionary_value_id": 0,
                "value": "28"
            }
        ]
    },
    {
        "attribute_id": 6531,
        "complex_id": 0,
        "values": [
            {
                "dictionary_value_id": 0,
                "value": "160"
            }
        ]
    },
    {
        "attribute_id": 5254,
        "complex_id": 0,
        "values": [
            {
                "dictionary_value_id": 56844,
                "value": "Без разметки"
            }
        ]
    },
    {
        "attribute_id": 5260,
        "complex_id": 0,
        "values": [
            {
                "dictionary_value_id": 12201,
                "value": "Кольца"
            }
        ]
    },
    {
        "attribute_id": 5257,
        "complex_id": 0,
        "values": [
            {
                "dictionary_value_id": 970885687,
                "value": "Ламинированная бумага"
            }
        ]
    },
    {
        "attribute_id": 9997,
        "complex_id": 0,
        "values": [
            {
                "dictionary_value_id": 970663854,
                "value": "Креативный"
            },
            {
                "dictionary_value_id": 970663847,
                "value": "Животные"
            }
        ]
    },
    {
        "attribute_id": 8966,
        "complex_id": 0,
        "values": [
            {
                "dictionary_value_id": 970905212,
                "value": "Скетчинг и дизайн"
            }
        ]
    },
    {
        "attribute_id": 5261,
        "complex_id": 0,
        "values": [
            {
                "dictionary_value_id": 12770,
                "value": "Без полей"
            }
        ]
    },
    {
        "attribute_id": 10097,
        "complex_id": 0,
        "values": [
            {
                "dictionary_value_id": 0,
                "value": "color0"
            }
        ]
    },
    {
        "attribute_id": 9024,
        "complex_id": 0,
        "values": [
            {
                "dictionary_value_id": 0,
                "value": "base_notepad_sketch-0"
            }
        ]
    },
    {
        "attribute_id": 85,
        "complex_id": 0,
        "values": [
            {
                "dictionary_value_id": 971224781,
                "value": "YOUNI"
            }
        ]
    },
    {
        "attribute_id": 5258,
        "complex_id": 0,
        "values": [
            {
                "dictionary_value_id": 12066,
                "value": "Без ограничения"
            }
        ]
    },
    {
        "attribute_id": 13216,
        "complex_id": 0,
        "values": [
            {
                "dictionary_value_id": 971006037,
                "value": "Унисекс"
            }
        ]
    },
    {
        "attribute_id": 22074,
        "complex_id": 0,
        "values": [
            {
                "dictionary_value_id": 0,
                "value": "false"
            }
        ]
    },
    {
        "attribute_id": 4180,
        "complex_id": 0,
        "values": [
            {
                "dictionary_value_id": 0,
                "value": "YOUni / Скетчбук с лягушкой для рисования / Блокнот с лягушечкой для скетчинга"
            }
        ]
    },
    {
        "attribute_id": 9048,
        "complex_id": 0,
        "values": [
            {
                "dictionary_value_id": 0,
                "value": "base_notepad_sketch"
            }
        ]
    },
    {
        "attribute_id": 10100,
        "complex_id": 0,
        "values": [
            {
                "dictionary_value_id": 0,
                "value": "false"
            }
        ]
    },
    {
        "attribute_id": 4191,
        "complex_id": 0,
        "values": [
            {
                "dictionary_value_id": 0,
                "value": "Творческая тетрадь С ЛЯГУШОНКОМ ( скетчбук, блокнот скечбук ) от компании YOUni - оригинальный канцтовар для школы, в университет, на работу; подарок для мальчика, подарок для девочки, для друга или подруги. Арт блокнот С ЛЯГУШКАМИ можно использовать как блокнот для записей, блокнот для рисования, блокнот для заметок, блокнот для скетчинга. Творческий блокнот для рисования идеален для подарка на Новый год, День рождения, 14 февраля, 23 февраля или 8 марта тем, кто любит ЛЯГУШЕК. Обложка арт блокнота на пружине не твердая, но плотная, с глянцевой ламинацией. Листы рабочей тетради на пружине белые, без линовки (нелинованные). Плотность бумаги блокнота без линовки - 160 гр/м2. В ассортименте также имеются тетради в линейку, тетради в клетку, тетради в точку, тетради 48 и другие канцтовары для школы. Погрузитесь в особую атмосферу с продукцией от YOUni! Создайте свою вселенную!"
            }
        ]
    },
    {
        "attribute_id": 4389,
        "complex_id": 0,
        "values": [
            {
                "dictionary_value_id": 90295,
                "value": "Россия"
            }
        ]
    },
    {
        "attribute_id": 9461,
        "complex_id": 0,
        "values": [
            {
                "dictionary_value_id": 349827741,
                "value": "Скетчбук"
            }
        ]
    },
    {
        "attribute_id": 21702,
        "complex_id": 0,
        "values": [
            {
                "dictionary_value_id": 82353,
                "value": "Нет"
            }
        ]
    },
    {
        "attribute_id": 11794,
        "complex_id": 0,
        "values": [
            {
                "dictionary_value_id": 970860783,
                "value": "safe"
            }
        ]
    },
    {
        "attribute_id": 21807,
        "complex_id": 0,
        "values": [
            {
                "dictionary_value_id": 971229788,
                "value": "A5 (14.8 × 21 см)"
            }
        ]
    },
    {
        "attribute_id": 10015,
        "complex_id": 0,
        "values": [
            {
                "dictionary_value_id": 0,
                "value": "false"
            }
        ]
    }
]