[
    {
        "attribute_id": 9048,
        "complex_id": 0,
        "values": [
            {
                "dictionary_value_id": 0,
                "value": "base_notepad_clear"
            }
        ]
    },
    {
        "attribute_id": 8229,
        "complex_id": 0,
        "values": [
            {
                "dictionary_value_id": 94091,
                "value": ""
            }
        ]
    },
    {
        "attribute_id": 85,
        "complex_id": 0,
        "values": [
            {
                "dictionary_value_id": 971224781,
                "value": ""
            }
        ]
    },
    {
        "attribute_id": 4191,
        "complex_id": 0,
        "values": [
            {
                "dictionary_value_id": 0,
                "value": "Творческая тетрадь С ЛЯГУШКАМИ (блокнот) от компании YOUni (Your Own Universe) - оригинальный канцтовар для школы, в университет, на работу; подарок для мальчика, подарок для девочки, для друга или подруги. Арт блокнот С ЛЯГУШОНКОМ можно использовать как блокнот для скетчинга карандашами (маркеры, акварель будут просвечивать), блокнот для рисования, блокнот для заметок, блокнот для записей. Творческий блокнот для рисования идеален для подарка на Новый год, День рождения, 14 февраля, 23 февраля или 8 марта тем, кто любит ЛЯГУШЕК. Обложка арт блокнота на пружине не твердая, но плотная. Листы рабочей тетради на пружине белые, без линовки (нелинованные). Плотность бумаги блокнота в клетку - 80 гр/м2, как у бумаги для принтера. В ассортименте также имеются скетчбуки с плотными листами, блокноты в точку, тетради в линейку, в клетку, тетради 48 и другие канцтовары для школы. Создайте свою вселенную с продукцией от YOUni!"
            }
        ]
    },
    {
        "attribute_id": 5258,
        "complex_id": 0,
        "values": [
            {
                "dictionary_value_id": 12066,
                "value": ""
            }
        ]
    },
    {
        "attribute_id": 13216,
        "complex_id": 0,
        "values": [
            {
                "dictionary_value_id": 971006037,
                "value": ""
            }
        ]
    },
    {
        "attribute_id": 4382,
        "complex_id": 0,
        "values": [
            {
                "dictionary_value_id": 0,
                "value": "15 x 20 см"
            }
        ]
    },
    {
        "attribute_id": 4389,
        "complex_id": 0,
        "values": [
            {
                "dictionary_value_id": 90295,
                "value": ""
            }
        ]
    },
    {
        "attribute_id": 21807,
        "complex_id": 0,
        "values": [
            {
                "dictionary_value_id": 971229788,
                "value": ""
            }
        ]
    },
    {
        "attribute_id": 9390,
        "complex_id": 0,
        "values": [
            {
                "dictionary_value_id": 43241,
                "value": ""
            },
            {
                "dictionary_value_id": 43242,
                "value": ""
            }
        ]
    },
    {
        "attribute_id": 6532,
        "complex_id": 0,
        "values": [
            {
                "dictionary_value_id": 0,
                "value": "50"
            }
        ]
    },
    {
        "attribute_id": 5254,
        "complex_id": 0,
        "values": [
            {
                "dictionary_value_id": 56844,
                "value": ""
            }
        ]
    },
    {
        "attribute_id": 5257,
        "complex_id": 0,
        "values": [
            {
                "dictionary_value_id": 970885687,
                "value": ""
            }
        ]
    },
    {
        "attribute_id": 5260,
        "complex_id": 0,
        "values": [
            {
                "dictionary_value_id": 12201,
                "value": ""
            }
        ]
    },
    {
        "attribute_id": 6531,
        "complex_id": 0,
        "values": [
            {
                "dictionary_value_id": 0,
                "value": "80"
            }
        ]
    },
    {
        "attribute_id": 9997,
        "complex_id": 0,
        "values": [
            {
                "dictionary_value_id": 970663854,
                "value": ""
            },
            {
                "dictionary_value_id": 970663847,
                "value": ""
            }
        ]
    },
    {
        "attribute_id": 5261,
        "complex_id": 0,
        "values": [
            {
                "dictionary_value_id": 12770,
                "value": ""
            }
        ]
    },
    {
        "attribute_id": 4384,
        "complex_id": 0,
        "values": [
            {
                "dictionary_value_id": 0,
                "value": "блокнот без разметки - 1 шт.; упаковка - 1 шт.\n"
            }
        ]
    },
    {
        "attribute_id": 10097,
        "complex_id": 0,
        "values": [
            {
                "dictionary_value_id": 0,
                "value": "color0"
            }
        ]
    },
    {
        "attribute_id": 10098,
        "complex_id": 0,
        "values": [
            {
                "dictionary_value_id": 0,
                "value": "https://cdn1.ozone.ru/s3/multimedia-t/6292261025.jpg"
            }
        ]
    },
    {
        "attribute_id": 4180,
        "complex_id": 0,
        "values": [
            {
                "dictionary_value_id": 0,
                "value": "Блокнот с лягушкой без линовки / Тетрадь 48 листов с лягушечкой без разлиновки"
            }
        ]
    },
    {
        "attribute_id": 9024,
        "complex_id": 0,
        "values": [
            {
                "dictionary_value_id": 0,
                "value": "base_notepad_clear-0"
            }
        ]
    },
    {
        "attribute_id": 9461,
        "complex_id": 0,
        "values": [
            {
                "dictionary_value_id": 349826490,
                "value": "Блокнот"
            }
        ]
    }
]