[
    {
        "name": "Дизайн обложки",
        "dictionary_request": "",
        "attribute_id": 9997,
        "complex_id": 0,
        "values": [
            {
                "dictionary_value_id": 970663854,
                "value": "key_12"
            }
        ]
    },
    {
        "name": "Наименование",
        "dictionary_request": "",
        "attribute_id": 4180,
        "complex_id": 0,
        "values": [
            {
                "dictionary_value_id": 0,
                "value": "YOUni / Скетчбук key_9 для рисования / Блокнот key_10 для скетчинга"
            }
        ]
    },
    {
        "name": "Описание",
        "dictionary_request": "",
        "attribute_id": 4191,
        "complex_id": 0,
        "values": [
            {
                "dictionary_value_id": 0,
                "value": "Творческая тетрадь key_0 (скетчбук) от компании YOUni (Your Own Universe) - оригинальный канцтовар для школы, в университет, на работу; подарок для мальчика, подарок для девочки, для друга или подруги. Арт блокнот key_1 можно использовать как блокнот для скетчинга, блокнот для рисования, блокнот для заметок, блокнот для записей. Творческий блокнот для рисования идеален для подарка на Новый год, День рождения, 14 февраля, 23 февраля или 8 марта тем, кто любит key_2. Обложка арт блокнота на пружине не твердая, но плотная - мелованная бумага 350 гр/м2. Листы рабочей тетради на пружине белые, без линовки (нелинованные). Плотность бумаги блокнота без линовки - 160 гр/м2. В ассортименте также имеются тетради в линейку, тетради в клетку, тетради в точку, тетради 48 и другие канцтовары для школы. Погрузитесь в особую атмосферу с продукцией от YOUni! Создайте свою вселенную!"
            }
        ]
    }
]