[
    {
        "name": "Дизайн обложки",
        "dictionary_request": "",
        "attribute_id": 9997,
        "complex_id": 0,
        "values": [
            {
                "dictionary_value_id": 970663854,
                "value": "key_12"
            }
        ]
    },
    {
        "name": "Наименование",
        "dictionary_request": "",
        "attribute_id": 4180,
        "complex_id": 0,
        "values": [
            {
                "dictionary_value_id": 0,
                "value": "Блокнот в линейку key_9 / Тетрадь 48 листов key_10 в линейку"
            }
        ]
    },
    {
        "name": "Описание",
        "dictionary_request": "",
        "attribute_id": 4191,
        "complex_id": 0,
        "values": [
            {
                "dictionary_value_id": 0,
                "value": "Творческая тетрадь key_0 (блокнот) от компании YOUni (Your Own Universe) - оригинальный канцтовар для школы, в университет, на работу; подарок для мальчика, подарок для девочки, для друга или подруги. Арт блокнот key_1 можно использовать как тетрадь для школы, блокнот для рисования, блокнот для заметок, блокнот для записей. Творческий блокнот для рисования идеален для подарка на Новый год, День рождения, 14 февраля, 23 февраля или 8 марта тем, кто любит key_2. Обложка арт блокнота на пружине не твердая, но плотная. Листы рабочей тетради на пружине белые, в линейку (линованные). Плотность бумаги блокнота в линейку - 80 гр/м2, как у бумаги для принтера. В ассортименте также имеются кружки с надписями, мужские и женские футболки, скетчбуки с плотными листами, тетради в клетку, тетради в точку, тетради 48 и др канцтовары для школы. Создайте свою вселенную с продукцией от YOUni! Будем рады вашим отзывам!"
            }
        ]
    }
]